file,adults,life_stage
Asterocampa_celtis101551.jpg,1,-
Asterocampa_celtis1018920.jpg,1,-
Asterocampa_celtis1019373.jpg,1,-
Asterocampa_celtis1029829.jpg,1,-
Asterocampa_celtis1037954.jpg,1,-
Asterocampa_celtis1053185.jpg,1,-
Asterocampa_celtis1053411.jpg,1,-
Asterocampa_celtis105620.jpg,1,-
Asterocampa_celtis105621.jpg,1,-
Asterocampa_celtis105625.jpg,1,-
Asterocampa_celtis1080777.jpg,1,-
Asterocampa_celtis1107349.jpg,1,-
Asterocampa_celtis1107351.jpg,1,-
Asterocampa_celtis1107352.jpg,1,-
Asterocampa_celtis1133657.jpg,1,-
Asterocampa_celtis1133699.jpg,1,-
Asterocampa_celtis1137597.jpg,0,L
Asterocampa_celtis1146046.jpg,1,-
Asterocampa_celtis1146052.jpg,1,-
Asterocampa_celtis1148340.jpg,1,-
Asterocampa_celtis1155398.jpg,1,-
Asterocampa_celtis1156422.jpg,1,-
Asterocampa_celtis1162730.jpg,1,-
Asterocampa_celtis1216033.jpg,1,-
Asterocampa_celtis1264580.jpg,1,-
Asterocampa_celtis128617.jpg,1,-
Asterocampa_celtis1300482.jpg,1,-
Asterocampa_celtis1409554.jpg,1,-
Asterocampa_celtis1409637.jpg,1,-
Asterocampa_celtis1411826.jpg,1,-
Asterocampa_celtis1414840.jpg,1,-
Asterocampa_celtis1418392.jpg,1,-
Asterocampa_celtis1424601.jpg,1,-
Asterocampa_celtis1431634.jpg,1,-
Asterocampa_celtis1432448.jpg,1,-
Asterocampa_celtis1436840.jpg,1,-
Asterocampa_celtis1437056.jpg,1,-
Asterocampa_celtis1452293.jpg,1,-
Asterocampa_celtis1453123.jpg,1,-
Asterocampa_celtis1454044.jpg,1,-
Asterocampa_celtis1461723.jpg,1,-
Asterocampa_celtis1466451.jpg,1,-
Asterocampa_celtis1471772.jpg,1,-
Asterocampa_celtis1480698.jpg,1,-
Asterocampa_celtis1480759.jpg,1,-
Asterocampa_celtis148760.jpg,1,-
Asterocampa_celtis1493206.jpg,1,-
Asterocampa_celtis1499635.jpg,1,-
Asterocampa_celtis1501611.jpg,1,-
Asterocampa_celtis1509404.jpg,1,-
Asterocampa_celtis1518807.jpg,1,-
Asterocampa_celtis1524228.jpg,1,-
Asterocampa_celtis1533581.jpg,1,-
Asterocampa_celtis1543135.jpg,1,-
Asterocampa_celtis1549977.jpg,1,-
Asterocampa_celtis1552703.jpg,1,-
Asterocampa_celtis1559017.jpg,1,-
Asterocampa_celtis1560958.jpg,1,-
Asterocampa_celtis1564426.jpg,1,-
Asterocampa_celtis1566076.jpg,1,-
Asterocampa_celtis1570997.jpg,1,-
Asterocampa_celtis1583124.jpg,1,-
Asterocampa_celtis1583626.jpg,1,-
Asterocampa_celtis1584960.jpg,1,-
Asterocampa_celtis158660.jpg,1,-
Asterocampa_celtis1604949.jpg,1,-
Asterocampa_celtis1607579.jpg,1,-
Asterocampa_celtis1619542.jpg,1,-
Asterocampa_celtis1625403.jpg,1,-
Asterocampa_celtis1626692.jpg,1,-
Asterocampa_celtis1630472.jpg,1,-
Asterocampa_celtis1632556.jpg,1,-
Asterocampa_celtis1633914.jpg,1,-
Asterocampa_celtis1634234.jpg,1,-
Asterocampa_celtis1635395.jpg,1,-
Asterocampa_celtis1643113.jpg,1,-
Asterocampa_celtis1649344.jpg,1,-
Asterocampa_celtis1651772.jpg,1,-
Asterocampa_celtis1652850.jpg,1,-
Asterocampa_celtis1656968.jpg,1,-
Asterocampa_celtis1662206.jpg,1,-
Asterocampa_celtis1662259.jpg,1,-
Asterocampa_celtis1662300.jpg,1,-
Asterocampa_celtis1665427.jpg,1,-
Asterocampa_celtis1686029.jpg,1,-
Asterocampa_celtis1686043.jpg,1,-
Asterocampa_celtis1686315.jpg,1,-
Asterocampa_celtis1686316.jpg,1,-
Asterocampa_celtis1703216.jpg,1,-
Asterocampa_celtis1719296.jpg,1,-
Asterocampa_celtis1719581.jpg,1,-
Asterocampa_celtis1721412.jpg,1,-
Asterocampa_celtis1726252.jpg,1,-
Asterocampa_celtis1730027.jpg,1,-
Asterocampa_celtis1731854.jpg,1,-
Asterocampa_celtis1738738.jpg,1,-
Asterocampa_celtis1742735.jpg,1,-
Asterocampa_celtis1745736.jpg,1,-
Asterocampa_celtis1747953.jpg,1,-
Asterocampa_celtis1755057.jpg,1,-
Asterocampa_celtis1757573.jpg,1,-
Asterocampa_celtis1758773.jpg,1,-
Asterocampa_celtis1770890.jpg,1,-
Asterocampa_celtis1771568.jpg,1,-
Asterocampa_celtis1772619.jpg,1,-
Asterocampa_celtis1781329.jpg,1,-
Asterocampa_celtis1784914.jpg,1,-
Asterocampa_celtis1787427.jpg,1,-
Asterocampa_celtis1788150.jpg,1,-
Asterocampa_celtis178919.jpg,1,-
Asterocampa_celtis1790191.jpg,1,-
Asterocampa_celtis1793947.jpg,1,-
Asterocampa_celtis1797457.jpg,1,-
Asterocampa_celtis1803553.jpg,1,-
Asterocampa_celtis180391.jpg,1,-
Asterocampa_celtis1804459.jpg,1,-
Asterocampa_celtis1804559.jpg,1,-
Asterocampa_celtis1806434.jpg,1,-
Asterocampa_celtis1808222.jpg,1,-
Asterocampa_celtis1810068.jpg,1,-
Asterocampa_celtis1810991.jpg,1,-
Asterocampa_celtis1813128.jpg,1,-
Asterocampa_celtis1818035.jpg,1,-
Asterocampa_celtis1821914.jpg,1,-
Asterocampa_celtis1825229.jpg,1,-
Asterocampa_celtis1825344.jpg,1,-
Asterocampa_celtis1831385.jpg,1,-
Asterocampa_celtis1832885.jpg,1,-
Asterocampa_celtis1833816.jpg,1,-
Asterocampa_celtis1834050.jpg,1,-
Asterocampa_celtis1834056.jpg,1,-
Asterocampa_celtis1837356.jpg,1,-
Asterocampa_celtis1838578.jpg,1,-
Asterocampa_celtis1838902.jpg,1,-
Asterocampa_celtis1839521.jpg,1,-
Asterocampa_celtis1840862.jpg,1,-
Asterocampa_celtis1842788.jpg,1,-
Asterocampa_celtis1843626.jpg,1,-
Asterocampa_celtis1845809.jpg,1,-
Asterocampa_celtis1858590.jpg,1,-
Asterocampa_celtis1862077.jpg,1,-
Asterocampa_celtis1862459.jpg,1,-
Asterocampa_celtis1867470.jpg,1,-
Asterocampa_celtis1871064.jpg,1,-
Asterocampa_celtis1872618.jpg,1,-
Asterocampa_celtis1874572.jpg,1,-
Asterocampa_celtis1878175.jpg,1,-
Asterocampa_celtis1879859.jpg,1,-
Asterocampa_celtis1883104.jpg,1,-
Asterocampa_celtis1883511.jpg,1,-
Asterocampa_celtis1889841.jpg,1,-
Asterocampa_celtis1890805.jpg,1,-
Asterocampa_celtis189774.jpg,1,-
Asterocampa_celtis189791.jpg,1,-
Asterocampa_celtis1900689.jpg,1,-
Asterocampa_celtis1900880.jpg,1,-
Asterocampa_celtis1902886.jpg,1,-
Asterocampa_celtis1903972.jpg,1,-
Asterocampa_celtis1906774.jpg,1,-
Asterocampa_celtis1909112.jpg,1,-
Asterocampa_celtis1912849.jpg,1,-
Asterocampa_celtis1914579.jpg,1,-
Asterocampa_celtis1916102.jpg,1,-
Asterocampa_celtis1919517.jpg,1,-
Asterocampa_celtis1919919.jpg,1,-
Asterocampa_celtis1925364.jpg,1,-
Asterocampa_celtis1926570.jpg,1,-
Asterocampa_celtis1927958.jpg,1,-
Asterocampa_celtis192822.jpg,1,-
Asterocampa_celtis1928937.jpg,1,-
Asterocampa_celtis1939213.jpg,1,-
Asterocampa_celtis1940993.jpg,1,-
Asterocampa_celtis1942204.jpg,1,-
Asterocampa_celtis1943823.jpg,1,-
Asterocampa_celtis1946112.jpg,1,-
Asterocampa_celtis1950317.jpg,1,-
Asterocampa_celtis1954539.jpg,1,-
Asterocampa_celtis1956403.jpg,1,-
Asterocampa_celtis1966010.jpg,1,-
Asterocampa_celtis196611.jpg,1,-
Asterocampa_celtis196612.jpg,1,-
Asterocampa_celtis196613.jpg,1,-
Asterocampa_celtis196614.jpg,1,-
Asterocampa_celtis196615.jpg,1,-
Asterocampa_celtis1974231.jpg,1,-
Asterocampa_celtis1975546.jpg,1,-
Asterocampa_celtis1989214.jpg,1,-
Asterocampa_celtis2000997.jpg,1,-
Asterocampa_celtis2002335.jpg,1,-
Asterocampa_celtis2003314.jpg,1,-
Asterocampa_celtis2004932.jpg,1,-
Asterocampa_celtis2011380.jpg,1,-
Asterocampa_celtis201167.jpg,1,-
Asterocampa_celtis2037361.jpg,1,-
Asterocampa_celtis2041264.jpg,1,-
Asterocampa_celtis20460.jpg,1,-
Asterocampa_celtis2051309.jpg,1,-
Asterocampa_celtis2060164.jpg,1,-
Asterocampa_celtis207050.jpg,1,-
Asterocampa_celtis2081450.jpg,1,-
Asterocampa_celtis2082540.jpg,1,-
Asterocampa_celtis2082570.jpg,1,-
Asterocampa_celtis2083798.jpg,1,-
Asterocampa_celtis2085331.jpg,1,-
Asterocampa_celtis2085366.jpg,1,-
Asterocampa_celtis2086450.jpg,1,-
Asterocampa_celtis2091352.jpg,1,-
Asterocampa_celtis2097409.jpg,1,-
Asterocampa_celtis2108227.jpg,1,-
Asterocampa_celtis2112198.jpg,1,-
Asterocampa_celtis21145.jpg,1,-
Asterocampa_celtis2120865.jpg,1,-
Asterocampa_celtis229958.jpg,1,-
Asterocampa_celtis23130.jpg,1,-
Asterocampa_celtis2332469.jpg,1,-
Asterocampa_celtis2334311.jpg,1,-
Asterocampa_celtis2346636.jpg,1,-
Asterocampa_celtis2346783.jpg,1,-
Asterocampa_celtis2347641.jpg,1,-
Asterocampa_celtis2354012.jpg,1,-
Asterocampa_celtis2366830.jpg,1,-
Asterocampa_celtis2411845.jpg,1,-
Asterocampa_celtis241485.jpg,1,-
Asterocampa_celtis2460762.jpg,1,-
Asterocampa_celtis247620.jpg,1,-
Asterocampa_celtis247770.jpg,1,-
Asterocampa_celtis2487279.jpg,1,-
Asterocampa_celtis2489564.jpg,1,-
Asterocampa_celtis2506485.jpg,1,-
Asterocampa_celtis2506533.jpg,1,-
Asterocampa_celtis2508079.jpg,1,-
Asterocampa_celtis2518160.jpg,1,-
Asterocampa_celtis2518167.jpg,1,-
Asterocampa_celtis2556485.jpg,1,-
Asterocampa_celtis25687.jpg,1,-
Asterocampa_celtis2615647.jpg,1,-
Asterocampa_celtis261789.jpg,1,-
Asterocampa_celtis2626446.jpg,1,-
Asterocampa_celtis2656010.jpg,1,-
Asterocampa_celtis2665031.jpg,1,-
Asterocampa_celtis272063.jpg,1,-
Asterocampa_celtis27597.jpg,1,-
Asterocampa_celtis279399.jpg,1,-
Asterocampa_celtis279402.jpg,1,-
Asterocampa_celtis2858481.jpg,1,-
Asterocampa_celtis288369.jpg,1,-
Asterocampa_celtis2924898.jpg,1,-
Asterocampa_celtis293501.jpg,1,-
Asterocampa_celtis293887.jpg,1,-
Asterocampa_celtis2943113.jpg,1,-
Asterocampa_celtis2948802.jpg,1,-
Asterocampa_celtis29668.jpg,1,-
Asterocampa_celtis2968514.jpg,1,-
Asterocampa_celtis297484.jpg,1,-
Asterocampa_celtis2977910.jpg,1,-
Asterocampa_celtis299322.jpg,1,-
Asterocampa_celtis299919.jpg,1,-
Asterocampa_celtis303996.jpg,1,-
Asterocampa_celtis304359.jpg,1,-
Asterocampa_celtis3052249.jpg,1,-
Asterocampa_celtis305427.jpg,1,-
Asterocampa_celtis3067305.jpg,1,-
Asterocampa_celtis3079580.jpg,1,-
Asterocampa_celtis3083274.jpg,1,-
Asterocampa_celtis308390.jpg,1,-
Asterocampa_celtis308757.jpg,1,-
Asterocampa_celtis309668.jpg,1,-
Asterocampa_celtis3098776.jpg,1,-
Asterocampa_celtis3098807.jpg,1,-
Asterocampa_celtis3107850.jpg,1,-
Asterocampa_celtis3121232.jpg,1,-
Asterocampa_celtis3155114.jpg,1,-
Asterocampa_celtis3164683.jpg,1,-
Asterocampa_celtis3168424.jpg,1,-
Asterocampa_celtis317307.jpg,1,-
Asterocampa_celtis317506.jpg,1,-
Asterocampa_celtis318981.jpg,1,-
Asterocampa_celtis3198014.jpg,1,-
Asterocampa_celtis3198016.jpg,1,-
Asterocampa_celtis3199608.jpg,1,-
Asterocampa_celtis322596.jpg,1,-
Asterocampa_celtis3255607.jpg,1,-
Asterocampa_celtis3268996.jpg,1,-
Asterocampa_celtis332171.jpg,1,-
Asterocampa_celtis3326609.jpg,1,-
Asterocampa_celtis3333985.jpg,1,-
Asterocampa_celtis3335770.jpg,1,-
Asterocampa_celtis3337103.jpg,1,-
Asterocampa_celtis334088.jpg,1,-
Asterocampa_celtis3341492.jpg,1,-
Asterocampa_celtis3378969.jpg,1,-
Asterocampa_celtis3388881.jpg,1,-
Asterocampa_celtis339396.jpg,1,-
Asterocampa_celtis3394872.jpg,1,-
Asterocampa_celtis3396423.jpg,1,-
Asterocampa_celtis3409384.jpg,1,-
Asterocampa_celtis3409543.jpg,1,-
Asterocampa_celtis3415296.jpg,1,-
Asterocampa_celtis3416299.jpg,1,-
Asterocampa_celtis3418154.jpg,1,-
Asterocampa_celtis342952.jpg,1,-
Asterocampa_celtis3430278.jpg,1,-
Asterocampa_celtis3436491.jpg,1,-
Asterocampa_celtis3438903.jpg,1,-
Asterocampa_celtis344094.jpg,1,-
Asterocampa_celtis3441390.jpg,1,-
Asterocampa_celtis3444445.jpg,1,-
Asterocampa_celtis3445996.jpg,1,-
Asterocampa_celtis3449292.jpg,1,-
Asterocampa_celtis3453067.jpg,1,-
Asterocampa_celtis3453405.jpg,1,-
Asterocampa_celtis3455359.jpg,1,-
Asterocampa_celtis3457178.jpg,1,-
Asterocampa_celtis3468078.jpg,1,-
Asterocampa_celtis3468205.jpg,1,-
Asterocampa_celtis3468211.jpg,1,-
Asterocampa_celtis3471607.jpg,1,-
Asterocampa_celtis3471617.jpg,1,-
Asterocampa_celtis3475509.jpg,1,-
Asterocampa_celtis348395.jpg,1,-
Asterocampa_celtis3484545.jpg,1,-
Asterocampa_celtis3485813.jpg,1,-
Asterocampa_celtis3498986.jpg,1,-
Asterocampa_celtis3501431.jpg,1,-
Asterocampa_celtis3503025.jpg,1,-
Asterocampa_celtis35039.jpg,1,-
Asterocampa_celtis3505897.jpg,1,-
Asterocampa_celtis3510522.jpg,1,-
Asterocampa_celtis3510804.jpg,1,-
Asterocampa_celtis3511899.jpg,1,-
Asterocampa_celtis3521761.jpg,1,-
Asterocampa_celtis3522605.jpg,1,-
Asterocampa_celtis3528021.jpg,1,-
Asterocampa_celtis3528076.jpg,1,-
Asterocampa_celtis3528237.jpg,1,-
Asterocampa_celtis3528296.jpg,1,-
Asterocampa_celtis3529195.jpg,1,-
Asterocampa_celtis3529618.jpg,1,-
Asterocampa_celtis3532962.jpg,1,-
Asterocampa_celtis3533499.jpg,1,-
Asterocampa_celtis3534799.jpg,1,-
Asterocampa_celtis353708.jpg,1,-
Asterocampa_celtis3573036.jpg,1,-
Asterocampa_celtis3584052.jpg,1,-
Asterocampa_celtis358742.jpg,1,-
Asterocampa_celtis362600.jpg,1,-
Asterocampa_celtis3628898.jpg,1,-
Asterocampa_celtis364006.jpg,1,-
Asterocampa_celtis3650596.jpg,1,-
Asterocampa_celtis365301.jpg,1,-
Asterocampa_celtis3660128.jpg,1,-
Asterocampa_celtis3663533.jpg,1,-
Asterocampa_celtis366532.jpg,1,-
Asterocampa_celtis3671198.jpg,1,-
Asterocampa_celtis3677905.jpg,1,-
Asterocampa_celtis3679802.jpg,1,-
Asterocampa_celtis368059.jpg,1,-
Asterocampa_celtis3682420.jpg,1,-
Asterocampa_celtis3684125.jpg,1,-
Asterocampa_celtis3696124.jpg,1,-
Asterocampa_celtis3696253.jpg,1,-
Asterocampa_celtis3696895.jpg,1,-
Asterocampa_celtis3700445.jpg,1,-
Asterocampa_celtis3702074.jpg,1,-
Asterocampa_celtis3702079.jpg,1,-
Asterocampa_celtis3703883.jpg,1,-
Asterocampa_celtis3704777.jpg,1,-
Asterocampa_celtis3707076.jpg,1,-
Asterocampa_celtis370762.jpg,1,-
Asterocampa_celtis3707850.jpg,1,-
Asterocampa_celtis370870.jpg,1,-
Asterocampa_celtis3710973.jpg,1,-
Asterocampa_celtis3714311.jpg,1,-
Asterocampa_celtis3714722.jpg,1,-
Asterocampa_celtis371709.jpg,1,-
Asterocampa_celtis371815.jpg,1,-
Asterocampa_celtis3718213.jpg,1,-
Asterocampa_celtis3720732.jpg,1,-
Asterocampa_celtis372113.jpg,1,-
Asterocampa_celtis3727863.jpg,1,-
Asterocampa_celtis3728517.jpg,1,-
Asterocampa_celtis373532.jpg,1,-
Asterocampa_celtis3740870.jpg,1,-
Asterocampa_celtis3740896.jpg,1,-
Asterocampa_celtis3742798.jpg,1,-
Asterocampa_celtis3746499.jpg,1,-
Asterocampa_celtis3761636.jpg,1,-
Asterocampa_celtis3761661.jpg,1,-
Asterocampa_celtis3767768.jpg,1,-
Asterocampa_celtis3769679.jpg,1,-
Asterocampa_celtis3771719.jpg,1,-
Asterocampa_celtis3773549.jpg,1,-
Asterocampa_celtis3777838.jpg,1,-
Asterocampa_celtis3780517.jpg,1,-
Asterocampa_celtis3782099.jpg,1,-
Asterocampa_celtis3790617.jpg,1,-
Asterocampa_celtis3792181.jpg,1,-
Asterocampa_celtis3793049.jpg,1,-
Asterocampa_celtis3795136.jpg,1,-
Asterocampa_celtis3812723.jpg,1,-
Asterocampa_celtis3812829.jpg,1,-
Asterocampa_celtis3814957.jpg,1,-
Asterocampa_celtis3816335.jpg,1,-
Asterocampa_celtis3816888.jpg,1,-
Asterocampa_celtis3818580.jpg,1,-
Asterocampa_celtis3821006.jpg,1,-
Asterocampa_celtis3821867.jpg,1,-
Asterocampa_celtis3822403.jpg,1,-
Asterocampa_celtis382335.jpg,1,-
Asterocampa_celtis3825351.jpg,1,-
Asterocampa_celtis3826759.jpg,1,-
Asterocampa_celtis3826968.jpg,1,-
Asterocampa_celtis3827417.jpg,1,-
Asterocampa_celtis3831851.jpg,1,-
Asterocampa_celtis3833393.jpg,1,-
Asterocampa_celtis3834074.jpg,1,-
Asterocampa_celtis3838671.jpg,1,-
Asterocampa_celtis3839354.jpg,1,-
Asterocampa_celtis3839644.jpg,1,-
Asterocampa_celtis3840080.jpg,1,-
Asterocampa_celtis3842598.jpg,1,-
Asterocampa_celtis3843387.jpg,1,-
Asterocampa_celtis384376.jpg,1,-
Asterocampa_celtis3845165.jpg,1,-
Asterocampa_celtis3845520.jpg,1,-
Asterocampa_celtis3849111.jpg,1,-
Asterocampa_celtis384965.jpg,1,-
Asterocampa_celtis385213.jpg,1,-
Asterocampa_celtis3852682.jpg,1,-
Asterocampa_celtis3859565.jpg,1,-
Asterocampa_celtis3864759.jpg,1,-
Asterocampa_celtis3870074.jpg,1,-
Asterocampa_celtis3870206.jpg,1,-
Asterocampa_celtis3871087.jpg,1,-
Asterocampa_celtis3876946.jpg,1,-
Asterocampa_celtis3880356.jpg,1,-
Asterocampa_celtis3881006.jpg,1,-
Asterocampa_celtis3882973.jpg,1,-
Asterocampa_celtis3884290.jpg,1,-
Asterocampa_celtis3885451.jpg,1,-
Asterocampa_celtis3888741.jpg,1,-
Asterocampa_celtis3891476.jpg,1,-
Asterocampa_celtis3892008.jpg,1,-
Asterocampa_celtis3893400.jpg,1,-
Asterocampa_celtis3894016.jpg,1,-
Asterocampa_celtis3894165.jpg,1,-
Asterocampa_celtis3894669.jpg,1,-
Asterocampa_celtis3897745.jpg,1,-
Asterocampa_celtis3898596.jpg,1,-
Asterocampa_celtis3899123.jpg,1,-
Asterocampa_celtis3900767.jpg,1,-
Asterocampa_celtis3900963.jpg,1,-
Asterocampa_celtis3901582.jpg,1,-
Asterocampa_celtis3901734.jpg,1,-
Asterocampa_celtis3905839.jpg,1,-
Asterocampa_celtis3906393.jpg,1,-
Asterocampa_celtis3912723.jpg,1,-
Asterocampa_celtis3913385.jpg,1,-
Asterocampa_celtis3913991.jpg,1,-
Asterocampa_celtis3914056.jpg,1,-
Asterocampa_celtis3916659.jpg,1,-
Asterocampa_celtis3925690.jpg,1,-
Asterocampa_celtis3926857.jpg,1,-
Asterocampa_celtis3927472.jpg,1,-
Asterocampa_celtis3928384.jpg,1,-
Asterocampa_celtis3934226.jpg,1,-
Asterocampa_celtis3937077.jpg,1,-
Asterocampa_celtis393892.jpg,1,-
Asterocampa_celtis3941577.jpg,1,-
Asterocampa_celtis3943149.jpg,1,-
Asterocampa_celtis3949821.jpg,1,-
Asterocampa_celtis3951307.jpg,1,-
Asterocampa_celtis3954452.jpg,1,-
Asterocampa_celtis395486.jpg,1,-
Asterocampa_celtis395658.jpg,1,-
Asterocampa_celtis3958042.jpg,1,-
Asterocampa_celtis3967041.jpg,1,-
Asterocampa_celtis3969729.jpg,1,-
Asterocampa_celtis3970236.jpg,1,-
Asterocampa_celtis3972904.jpg,1,-
Asterocampa_celtis3973131.jpg,1,-
Asterocampa_celtis3973644.jpg,1,-
Asterocampa_celtis3977476.jpg,1,-
Asterocampa_celtis3979978.jpg,1,-
Asterocampa_celtis3980652.jpg,1,-
Asterocampa_celtis3982063.jpg,1,-
Asterocampa_celtis3982759.jpg,1,-
Asterocampa_celtis3990813.jpg,1,-
Asterocampa_celtis3994734.jpg,1,-
Asterocampa_celtis3995151.jpg,1,-
Asterocampa_celtis3996218.jpg,1,-
Asterocampa_celtis3998802.jpg,1,-
Asterocampa_celtis3999061.jpg,1,-
Asterocampa_celtis4003456.jpg,1,-
Asterocampa_celtis4003953.jpg,1,-
Asterocampa_celtis4004780.jpg,1,-
Asterocampa_celtis4013787.jpg,1,-
Asterocampa_celtis4013804.jpg,1,-
Asterocampa_celtis4014827.jpg,1,-
Asterocampa_celtis4017789.jpg,1,-
Asterocampa_celtis4017952.jpg,1,-
Asterocampa_celtis4021291.jpg,1,-
Asterocampa_celtis4021681.jpg,1,-
Asterocampa_celtis4021938.jpg,1,-
Asterocampa_celtis4024077.jpg,1,-
Asterocampa_celtis4024680.jpg,1,-
Asterocampa_celtis4025087.jpg,1,-
Asterocampa_celtis402761.jpg,1,-
Asterocampa_celtis4028681.jpg,1,-
Asterocampa_celtis4032414.jpg,1,-
Asterocampa_celtis4033932.jpg,1,-
Asterocampa_celtis4037125.jpg,1,-
Asterocampa_celtis4040263.jpg,1,-
Asterocampa_celtis4041913.jpg,1,-
Asterocampa_celtis4042193.jpg,1,-
Asterocampa_celtis4042663.jpg,1,-
Asterocampa_celtis4043757.jpg,1,-
Asterocampa_celtis4047652.jpg,1,-
Asterocampa_celtis4055549.jpg,1,-
Asterocampa_celtis405631.jpg,1,-
Asterocampa_celtis405632.jpg,1,-
Asterocampa_celtis4056461.jpg,1,-
Asterocampa_celtis4058182.jpg,1,-
Asterocampa_celtis4058400.jpg,1,-
Asterocampa_celtis4058566.jpg,1,-
Asterocampa_celtis4066102.jpg,1,-
Asterocampa_celtis4066849.jpg,1,-
Asterocampa_celtis4068269.jpg,1,-
Asterocampa_celtis4073500.jpg,1,-
Asterocampa_celtis4076961.jpg,1,-
Asterocampa_celtis4078090.jpg,1,-
Asterocampa_celtis4078218.jpg,1,-
Asterocampa_celtis4079627.jpg,1,-
Asterocampa_celtis4080360.jpg,1,-
Asterocampa_celtis4081915.jpg,1,-
Asterocampa_celtis4082926.jpg,1,-
Asterocampa_celtis4083547.jpg,1,-
Asterocampa_celtis4086054.jpg,1,-
Asterocampa_celtis4086062.jpg,1,-
Asterocampa_celtis4086066.jpg,1,-
Asterocampa_celtis4086823.jpg,1,-
Asterocampa_celtis4087801.jpg,1,-
Asterocampa_celtis4088264.jpg,1,-
Asterocampa_celtis4088524.jpg,1,-
Asterocampa_celtis4088685.jpg,1,-
Asterocampa_celtis4089770.jpg,1,-
Asterocampa_celtis4089781.jpg,1,-
Asterocampa_celtis4092753.jpg,1,-
Asterocampa_celtis4093666.jpg,1,-
Asterocampa_celtis4094578.jpg,1,-
Asterocampa_celtis4095940.jpg,1,-
Asterocampa_celtis4098318.jpg,1,-
Asterocampa_celtis4098825.jpg,1,-
Asterocampa_celtis4102466.jpg,1,-
Asterocampa_celtis4108612.jpg,1,-
Asterocampa_celtis4110495.jpg,1,-
Asterocampa_celtis4110940.jpg,1,-
Asterocampa_celtis4111428.jpg,1,-
Asterocampa_celtis4115173.jpg,1,-
Asterocampa_celtis4115911.jpg,1,-
Asterocampa_celtis411630.jpg,1,-
Asterocampa_celtis4118388.jpg,1,-
Asterocampa_celtis4122560.jpg,1,-
Asterocampa_celtis4124793.jpg,1,-
Asterocampa_celtis4134519.jpg,1,-
Asterocampa_celtis4145535.jpg,1,-
Asterocampa_celtis4154929.jpg,1,-
Asterocampa_celtis4157456.jpg,1,-
Asterocampa_celtis4159197.jpg,1,-
Asterocampa_celtis4159954.jpg,1,-
Asterocampa_celtis4167154.jpg,1,-
Asterocampa_celtis4167503.jpg,1,-
Asterocampa_celtis4168241.jpg,1,-
Asterocampa_celtis4168485.jpg,1,-
Asterocampa_celtis4181307.jpg,1,-
Asterocampa_celtis4185642.jpg,1,-
Asterocampa_celtis4194323.jpg,1,-
Asterocampa_celtis4197906.jpg,1,-
Asterocampa_celtis4201051.jpg,1,-
Asterocampa_celtis4202834.jpg,1,-
Asterocampa_celtis4203155.jpg,1,-
Asterocampa_celtis4205478.jpg,1,-
Asterocampa_celtis4207420.jpg,1,-
Asterocampa_celtis4209197.jpg,1,-
Asterocampa_celtis4211152.jpg,1,-
Asterocampa_celtis4211387.jpg,1,-
Asterocampa_celtis4212612.jpg,0,L
Asterocampa_celtis4213084.jpg,1,-
Asterocampa_celtis4213089.jpg,1,-
Asterocampa_celtis4213095.jpg,1,-
Asterocampa_celtis4213097.jpg,1,-
Asterocampa_celtis4213101.jpg,1,-
Asterocampa_celtis4213102.jpg,1,-
Asterocampa_celtis4217639.jpg,1,-
Asterocampa_celtis4218226.jpg,1,-
Asterocampa_celtis4219508.jpg,1,-
Asterocampa_celtis4220890.jpg,1,-
Asterocampa_celtis4221231.jpg,1,-
Asterocampa_celtis4222721.jpg,1,-
Asterocampa_celtis4223993.jpg,1,-
Asterocampa_celtis4225160.jpg,1,-
Asterocampa_celtis422611.jpg,1,-
Asterocampa_celtis4228104.jpg,1,-
Asterocampa_celtis4231969.jpg,1,-
Asterocampa_celtis4234533.jpg,1,-
Asterocampa_celtis4239820.jpg,1,-
Asterocampa_celtis4239922.jpg,0,L
Asterocampa_celtis4242133.jpg,1,-
Asterocampa_celtis4242640.jpg,1,-
Asterocampa_celtis4242681.jpg,1,-
Asterocampa_celtis4246590.jpg,1,-
Asterocampa_celtis4246764.jpg,1,-
Asterocampa_celtis4247601.jpg,1,-
Asterocampa_celtis4248069.jpg,1,-
Asterocampa_celtis4248330.jpg,1,-
Asterocampa_celtis4249969.jpg,1,-
Asterocampa_celtis4253733.jpg,1,-
Asterocampa_celtis4257378.jpg,1,-
Asterocampa_celtis4258760.jpg,1,-
Asterocampa_celtis4259211.jpg,1,-
Asterocampa_celtis4264967.jpg,1,-
Asterocampa_celtis4267631.jpg,1,-
Asterocampa_celtis4272265.jpg,1,-
Asterocampa_celtis4273783.jpg,1,-
Asterocampa_celtis4274544.jpg,1,-
Asterocampa_celtis4274546.jpg,1,-
Asterocampa_celtis4274547.jpg,1,-
Asterocampa_celtis4274550.jpg,1,-
Asterocampa_celtis4279792.jpg,1,-
Asterocampa_celtis4280110.jpg,1,-
Asterocampa_celtis4281635.jpg,1,-
Asterocampa_celtis4285043.jpg,1,-
Asterocampa_celtis4287380.jpg,1,-
Asterocampa_celtis4288975.jpg,1,-
Asterocampa_celtis4291531.jpg,1,-
Asterocampa_celtis4292099.jpg,1,-
Asterocampa_celtis4292373.jpg,1,-
Asterocampa_celtis4292950.jpg,1,-
Asterocampa_celtis4295108.jpg,1,-
Asterocampa_celtis4295536.jpg,1,-
Asterocampa_celtis4296885.jpg,1,-
Asterocampa_celtis4297676.jpg,1,-
Asterocampa_celtis4298755.jpg,1,-
Asterocampa_celtis4298823.jpg,1,-
Asterocampa_celtis4300143.jpg,1,-
Asterocampa_celtis4300425.jpg,1,-
Asterocampa_celtis4300509.jpg,1,-
Asterocampa_celtis4300528.jpg,1,-
Asterocampa_celtis4300744.jpg,1,-
Asterocampa_celtis4302759.jpg,1,-
Asterocampa_celtis4305654.jpg,1,-
Asterocampa_celtis4305962.jpg,1,-
Asterocampa_celtis4308192.jpg,1,-
Asterocampa_celtis4308425.jpg,1,-
Asterocampa_celtis4310134.jpg,1,-
Asterocampa_celtis4323956.jpg,1,-
Asterocampa_celtis432552.jpg,1,-
Asterocampa_celtis4327770.jpg,1,-
Asterocampa_celtis4327886.jpg,1,-
Asterocampa_celtis4328040.jpg,1,-
Asterocampa_celtis4328482.jpg,1,-
Asterocampa_celtis4328976.jpg,1,-
Asterocampa_celtis4329565.jpg,1,-
Asterocampa_celtis4330875.jpg,1,-
Asterocampa_celtis4334391.jpg,1,-
Asterocampa_celtis4335228.jpg,1,-
Asterocampa_celtis4335803.jpg,1,-
Asterocampa_celtis4337321.jpg,1,-
Asterocampa_celtis4342214.jpg,1,-
Asterocampa_celtis4342739.jpg,1,-
Asterocampa_celtis4347654.jpg,1,-
Asterocampa_celtis4352632.jpg,1,-
Asterocampa_celtis4352920.jpg,1,-
Asterocampa_celtis4352975.jpg,1,-
Asterocampa_celtis4362488.jpg,1,-
Asterocampa_celtis4363271.jpg,1,-
Asterocampa_celtis4364014.jpg,1,-
Asterocampa_celtis4365573.jpg,1,-
Asterocampa_celtis4367639.jpg,1,-
Asterocampa_celtis4370138.jpg,1,-
Asterocampa_celtis4377219.jpg,1,-
Asterocampa_celtis4377220.jpg,1,-
Asterocampa_celtis4377224.jpg,1,-
Asterocampa_celtis4377225.jpg,1,-
Asterocampa_celtis4378654.jpg,1,-
Asterocampa_celtis4379684.jpg,1,-
Asterocampa_celtis4389760.jpg,1,-
Asterocampa_celtis439078.jpg,1,-
Asterocampa_celtis4391039.jpg,1,-
Asterocampa_celtis4396771.jpg,1,-
Asterocampa_celtis4402322.jpg,1,-
Asterocampa_celtis4402367.jpg,1,-
Asterocampa_celtis4403437.jpg,1,-
Asterocampa_celtis4411111.jpg,1,-
Asterocampa_celtis4412946.jpg,1,-
Asterocampa_celtis4413226.jpg,1,-
Asterocampa_celtis4415114.jpg,1,-
Asterocampa_celtis4415197.jpg,1,-
Asterocampa_celtis4419540.jpg,1,-
Asterocampa_celtis4419949.jpg,1,-
Asterocampa_celtis4420788.jpg,1,-
Asterocampa_celtis4421889.jpg,1,-
Asterocampa_celtis4423585.jpg,1,-
Asterocampa_celtis4424202.jpg,1,-
Asterocampa_celtis4424754.jpg,1,-
Asterocampa_celtis4426918.jpg,1,-
Asterocampa_celtis4428025.jpg,1,-
Asterocampa_celtis442828.jpg,1,-
Asterocampa_celtis4428568.jpg,1,-
Asterocampa_celtis4428780.jpg,1,-
Asterocampa_celtis4430830.jpg,1,-
Asterocampa_celtis4434701.jpg,1,-
Asterocampa_celtis4435890.jpg,1,-
Asterocampa_celtis4440471.jpg,1,-
Asterocampa_celtis4441925.jpg,1,-
Asterocampa_celtis4449454.jpg,1,-
Asterocampa_celtis4450876.jpg,1,-
Asterocampa_celtis4452226.jpg,1,-
Asterocampa_celtis4453442.jpg,1,-
Asterocampa_celtis4456599.jpg,1,-
Asterocampa_celtis4458088.jpg,1,-
Asterocampa_celtis445892.jpg,1,-
Asterocampa_celtis4460904.jpg,1,-
Asterocampa_celtis4463831.jpg,1,-
Asterocampa_celtis4478689.jpg,1,-
Asterocampa_celtis4485450.jpg,1,-
Asterocampa_celtis4487608.jpg,1,-
Asterocampa_celtis450491.jpg,1,-
Asterocampa_celtis4508575.jpg,1,-
Asterocampa_celtis4508870.jpg,1,-
Asterocampa_celtis4533316.jpg,0,L
Asterocampa_celtis4534892.jpg,1,-
Asterocampa_celtis4565458.jpg,1,-
Asterocampa_celtis4570572.jpg,1,-
Asterocampa_celtis4570647.jpg,1,-
Asterocampa_celtis45729.jpg,1,-
Asterocampa_celtis4594228.jpg,1,-
Asterocampa_celtis4594363.jpg,1,-
Asterocampa_celtis4597072.jpg,1,-
Asterocampa_celtis4605619.jpg,1,-
Asterocampa_celtis4606290.jpg,1,-
Asterocampa_celtis4617780.jpg,1,-
Asterocampa_celtis4622618.jpg,1,-
Asterocampa_celtis4627442.jpg,1,-
Asterocampa_celtis4630174.jpg,1,-
Asterocampa_celtis464497.jpg,1,-
Asterocampa_celtis464517.jpg,1,-
Asterocampa_celtis4651799.jpg,1,-
Asterocampa_celtis4662766.jpg,1,-
Asterocampa_celtis4664027.jpg,1,-
Asterocampa_celtis4669935.jpg,1,-
Asterocampa_celtis4673397.jpg,1,-
Asterocampa_celtis4674595.jpg,1,-
Asterocampa_celtis467607.jpg,1,-
Asterocampa_celtis4686095.jpg,1,-
Asterocampa_celtis4740262.jpg,1,-
Asterocampa_celtis4783957.jpg,1,-
Asterocampa_celtis4799671.jpg,1,-
Asterocampa_celtis4838803.jpg,0,L
Asterocampa_celtis4838804.jpg,0,L
Asterocampa_celtis4872874.jpg,1,-
Asterocampa_celtis4889811.jpg,1,-
Asterocampa_celtis4928314.jpg,1,-
Asterocampa_celtis4928867.jpg,1,-
Asterocampa_celtis4964176.jpg,1,-
Asterocampa_celtis506273.jpg,1,-
Asterocampa_celtis5091507.jpg,1,-
Asterocampa_celtis5106213.jpg,1,-
Asterocampa_celtis516221.jpg,1,-
Asterocampa_celtis5202714.jpg,1,-
Asterocampa_celtis5214589.jpg,1,-
Asterocampa_celtis5217073.jpg,1,-
Asterocampa_celtis5250268.jpg,1,-
Asterocampa_celtis5251862.jpg,1,-
Asterocampa_celtis5279193.jpg,1,-
Asterocampa_celtis527976.jpg,1,-
Asterocampa_celtis5288104.jpg,1,-
Asterocampa_celtis5312146.jpg,1,-
Asterocampa_celtis531484.jpg,1,-
Asterocampa_celtis531896.jpg,1,-
Asterocampa_celtis531905.jpg,1,-
Asterocampa_celtis531913.jpg,1,-
Asterocampa_celtis531925.jpg,1,-
Asterocampa_celtis531931.jpg,1,-
Asterocampa_celtis531938.jpg,1,-
Asterocampa_celtis532552.jpg,0,L
Asterocampa_celtis5380201.jpg,1,-
Asterocampa_celtis5381286.jpg,1,-
Asterocampa_celtis5390741.jpg,1,-
Asterocampa_celtis5421790.jpg,1,-
Asterocampa_celtis5424973.jpg,1,-
Asterocampa_celtis5457488.jpg,1,-
Asterocampa_celtis5457489.jpg,1,-
Asterocampa_celtis5473673.jpg,1,-
Asterocampa_celtis548352.jpg,1,-
Asterocampa_celtis549123.jpg,1,-
Asterocampa_celtis5501027.jpg,1,-
Asterocampa_celtis5510697.jpg,1,-
Asterocampa_celtis5519512.jpg,1,-
Asterocampa_celtis5522528.jpg,1,-
Asterocampa_celtis5529798.jpg,1,-
Asterocampa_celtis5532955.jpg,1,-
Asterocampa_celtis5533252.jpg,0,L
Asterocampa_celtis5537986.jpg,1,-
Asterocampa_celtis5537987.jpg,1,-
Asterocampa_celtis5539228.jpg,1,-
Asterocampa_celtis5560840.jpg,1,-
Asterocampa_celtis5561241.jpg,1,-
Asterocampa_celtis5569551.jpg,1,-
Asterocampa_celtis557054.jpg,1,-
Asterocampa_celtis557055.jpg,1,-
Asterocampa_celtis5575654.jpg,0,L
Asterocampa_celtis5579244.jpg,1,-
Asterocampa_celtis5583388.jpg,1,-
Asterocampa_celtis5592705.jpg,1,-
Asterocampa_celtis5594585.jpg,1,-
Asterocampa_celtis5597059.jpg,1,-
Asterocampa_celtis5601818.jpg,1,-
Asterocampa_celtis5603052.jpg,1,-
Asterocampa_celtis5604885.jpg,0,L
Asterocampa_celtis5608710.jpg,1,-
Asterocampa_celtis5610114.jpg,1,-
Asterocampa_celtis5614965.jpg,1,-
Asterocampa_celtis5617590.jpg,1,-
Asterocampa_celtis5618444.jpg,1,-
Asterocampa_celtis5619587.jpg,0,L
Asterocampa_celtis5627578.jpg,1,-
Asterocampa_celtis5629288.jpg,1,-
Asterocampa_celtis5636462.jpg,1,-
Asterocampa_celtis5637943.jpg,1,-
Asterocampa_celtis5643809.jpg,1,-
Asterocampa_celtis5655488.jpg,1,-
Asterocampa_celtis5665208.jpg,1,-
Asterocampa_celtis5669839.jpg,1,-
Asterocampa_celtis5671449.jpg,1,-
Asterocampa_celtis5682968.jpg,1,-
Asterocampa_celtis5687071.jpg,1,-
Asterocampa_celtis5688864.jpg,1,-
Asterocampa_celtis5690431.jpg,1,-
Asterocampa_celtis5694161.jpg,1,-
Asterocampa_celtis5694181.jpg,1,-
Asterocampa_celtis5698936.jpg,1,-
Asterocampa_celtis5702241.jpg,1,-
Asterocampa_celtis5706083.jpg,1,-
Asterocampa_celtis5715180.jpg,1,-
Asterocampa_celtis5716509.jpg,1,-
Asterocampa_celtis5718518.jpg,1,-
Asterocampa_celtis5721833.jpg,1,-
Asterocampa_celtis5729423.jpg,1,-
Asterocampa_celtis5731204.jpg,1,-
Asterocampa_celtis5731640.jpg,1,-
Asterocampa_celtis5731713.jpg,1,-
Asterocampa_celtis5731715.jpg,1,-
Asterocampa_celtis5734423.jpg,1,-
Asterocampa_celtis5734649.jpg,1,-
Asterocampa_celtis5736328.jpg,1,-
Asterocampa_celtis5738071.jpg,1,-
Asterocampa_celtis5739574.jpg,1,-
Asterocampa_celtis5740621.jpg,1,-
Asterocampa_celtis5740824.jpg,1,-
Asterocampa_celtis5742309.jpg,1,-
Asterocampa_celtis5742311.jpg,1,-
Asterocampa_celtis5742991.jpg,1,-
Asterocampa_celtis5743346.jpg,1,-
Asterocampa_celtis5748250.jpg,1,-
Asterocampa_celtis5748251.jpg,1,-
Asterocampa_celtis5748262.jpg,1,-
Asterocampa_celtis5749074.jpg,1,-
Asterocampa_celtis5749454.jpg,1,-
Asterocampa_celtis5749989.jpg,1,-
Asterocampa_celtis5751218.jpg,1,-
Asterocampa_celtis5753276.jpg,1,-
Asterocampa_celtis5763473.jpg,1,-
Asterocampa_celtis5764768.jpg,1,-
Asterocampa_celtis5765399.jpg,1,-
Asterocampa_celtis5768457.jpg,1,-
Asterocampa_celtis5768713.jpg,1,-
Asterocampa_celtis5768891.jpg,1,-
Asterocampa_celtis5773556.jpg,1,-
Asterocampa_celtis5779352.jpg,1,-
Asterocampa_celtis5780066.jpg,1,-
Asterocampa_celtis5780180.jpg,1,-
Asterocampa_celtis5782655.jpg,1,-
Asterocampa_celtis5782783.jpg,1,-
Asterocampa_celtis5786779.jpg,1,-
Asterocampa_celtis5786808.jpg,1,-
Asterocampa_celtis5788181.jpg,1,-
Asterocampa_celtis5790859.jpg,1,-
Asterocampa_celtis5797088.jpg,1,-
Asterocampa_celtis5806110.jpg,1,-
Asterocampa_celtis5811880.jpg,1,-
Asterocampa_celtis5812025.jpg,1,-
Asterocampa_celtis5812036.jpg,1,-
Asterocampa_celtis5812150.jpg,1,-
Asterocampa_celtis5812810.jpg,1,-
Asterocampa_celtis5812959.jpg,1,-
Asterocampa_celtis5825366.jpg,1,-
Asterocampa_celtis5826048.jpg,1,-
Asterocampa_celtis5828945.jpg,1,-
Asterocampa_celtis5830725.jpg,1,-
Asterocampa_celtis5831343.jpg,1,-
Asterocampa_celtis5835569.jpg,1,-
Asterocampa_celtis5837096.jpg,1,-
Asterocampa_celtis5843745.jpg,1,-
Asterocampa_celtis5847247.jpg,1,-
Asterocampa_celtis58494.jpg,1,-
Asterocampa_celtis5853786.jpg,1,-
Asterocampa_celtis5857130.jpg,1,-
Asterocampa_celtis5862550.jpg,1,-
Asterocampa_celtis5863528.jpg,1,-
Asterocampa_celtis5864710.jpg,1,-
Asterocampa_celtis5865027.jpg,1,-
Asterocampa_celtis5865034.jpg,1,-
Asterocampa_celtis5866121.jpg,1,-
Asterocampa_celtis5872196.jpg,1,-
Asterocampa_celtis5873658.jpg,1,-
Asterocampa_celtis5877963.jpg,1,-
Asterocampa_celtis5878524.jpg,1,-
Asterocampa_celtis5880615.jpg,1,-
Asterocampa_celtis5881427.jpg,1,-
Asterocampa_celtis5881943.jpg,1,-
Asterocampa_celtis5890041.jpg,1,-
Asterocampa_celtis5898464.jpg,1,-
Asterocampa_celtis5900298.jpg,1,-
Asterocampa_celtis5900577.jpg,1,-
Asterocampa_celtis5901364.jpg,1,-
Asterocampa_celtis5901922.jpg,1,-
Asterocampa_celtis5902351.jpg,1,-
Asterocampa_celtis5903038.jpg,1,-
Asterocampa_celtis5905263.jpg,1,-
Asterocampa_celtis5910432.jpg,1,-
Asterocampa_celtis5912994.jpg,1,-
Asterocampa_celtis5917545.jpg,1,-
Asterocampa_celtis5920023.jpg,1,-
Asterocampa_celtis5928514.jpg,1,-
Asterocampa_celtis5939691.jpg,1,-
Asterocampa_celtis5941971.jpg,1,-
Asterocampa_celtis5946016.jpg,1,-
Asterocampa_celtis5951709.jpg,1,-
Asterocampa_celtis5959656.jpg,1,-
Asterocampa_celtis5961101.jpg,1,-
Asterocampa_celtis5980541.jpg,1,-
Asterocampa_celtis5981098.jpg,1,-
Asterocampa_celtis6002519.jpg,1,-
Asterocampa_celtis6003622.jpg,1,-
Asterocampa_celtis6010481.jpg,1,-
Asterocampa_celtis6016673.jpg,1,-
Asterocampa_celtis6020765.jpg,1,-
Asterocampa_celtis6020770.jpg,1,-
Asterocampa_celtis6021096.jpg,1,-
Asterocampa_celtis6029977.jpg,1,-
Asterocampa_celtis6031020.jpg,1,-
Asterocampa_celtis6038467.jpg,1,-
Asterocampa_celtis6044887.jpg,1,-
Asterocampa_celtis6051427.jpg,1,-
Asterocampa_celtis6081926.jpg,1,-
Asterocampa_celtis6083035.jpg,1,-
Asterocampa_celtis6083038.jpg,1,-
Asterocampa_celtis6095181.jpg,1,-
Asterocampa_celtis6095702.jpg,1,-
Asterocampa_celtis6095810.jpg,1,-
Asterocampa_celtis6097599.jpg,1,-
Asterocampa_celtis6101398.jpg,1,-
Asterocampa_celtis6101402.jpg,1,-
Asterocampa_celtis6103469.jpg,1,-
Asterocampa_celtis6105576.jpg,1,-
Asterocampa_celtis6116180.jpg,1,-
Asterocampa_celtis6131296.jpg,1,-
Asterocampa_celtis6144808.jpg,1,-
Asterocampa_celtis6146222.jpg,1,-
Asterocampa_celtis6155506.jpg,1,-
Asterocampa_celtis6156807.jpg,1,-
Asterocampa_celtis6164483.jpg,1,-
Asterocampa_celtis6175071.jpg,1,-
Asterocampa_celtis6175600.jpg,1,-
Asterocampa_celtis6176874.jpg,1,-
Asterocampa_celtis6178296.jpg,1,-
Asterocampa_celtis6182164.jpg,1,-
Asterocampa_celtis618358.jpg,1,-
Asterocampa_celtis6187531.jpg,1,-
Asterocampa_celtis6187614.jpg,1,-
Asterocampa_celtis6187681.jpg,1,-
Asterocampa_celtis6187751.jpg,1,-
Asterocampa_celtis6198127.jpg,1,-
Asterocampa_celtis6198796.jpg,1,-
Asterocampa_celtis6201228.jpg,1,-
Asterocampa_celtis6202496.jpg,1,-
Asterocampa_celtis6209889.jpg,1,-
Asterocampa_celtis6210191.jpg,1,-
Asterocampa_celtis6211734.jpg,1,-
Asterocampa_celtis6216920.jpg,1,-
Asterocampa_celtis6225244.jpg,1,-
Asterocampa_celtis6228060.jpg,1,-
Asterocampa_celtis6229566.jpg,1,-
Asterocampa_celtis6232440.jpg,1,-
Asterocampa_celtis6246408.jpg,1,-
Asterocampa_celtis6254460.jpg,1,-
Asterocampa_celtis6258978.jpg,0,L
Asterocampa_celtis6260259.jpg,1,-
Asterocampa_celtis6266875.jpg,1,-
Asterocampa_celtis6267181.jpg,1,-
Asterocampa_celtis6267591.jpg,1,-
Asterocampa_celtis6276766.jpg,1,-
Asterocampa_celtis6277056.jpg,1,-
Asterocampa_celtis6290747.jpg,1,-
Asterocampa_celtis6295459.jpg,1,-
Asterocampa_celtis6296855.jpg,1,-
Asterocampa_celtis6298568.jpg,1,-
Asterocampa_celtis6301513.jpg,1,-
Asterocampa_celtis630321.jpg,1,-
Asterocampa_celtis6312634.jpg,1,-
Asterocampa_celtis6313594.jpg,1,-
Asterocampa_celtis6321691.jpg,1,-
Asterocampa_celtis6325439.jpg,1,-
Asterocampa_celtis6325444.jpg,1,-
Asterocampa_celtis6325971.jpg,1,-
Asterocampa_celtis6326772.jpg,1,-
Asterocampa_celtis6334154.jpg,1,-
Asterocampa_celtis6339425.jpg,1,-
Asterocampa_celtis6339796.jpg,1,-
Asterocampa_celtis6368936.jpg,1,-
Asterocampa_celtis6369822.jpg,1,-
Asterocampa_celtis6370620.jpg,1,-
Asterocampa_celtis6371498.jpg,1,-
Asterocampa_celtis6385061.jpg,1,-
Asterocampa_celtis6386450.jpg,1,-
Asterocampa_celtis6388292.jpg,1,-
Asterocampa_celtis6402886.jpg,1,-
Asterocampa_celtis6405215.jpg,1,-
Asterocampa_celtis6411839.jpg,1,-
Asterocampa_celtis6417735.jpg,1,-
Asterocampa_celtis6420359.jpg,1,-
Asterocampa_celtis6431825.jpg,1,-
Asterocampa_celtis6438759.jpg,1,-
Asterocampa_celtis6439065.jpg,1,-
Asterocampa_celtis6443732.jpg,1,-
Asterocampa_celtis6444036.jpg,1,-
Asterocampa_celtis6446658.jpg,1,-
Asterocampa_celtis6448306.jpg,1,-
Asterocampa_celtis6452326.jpg,1,-
Asterocampa_celtis6457799.jpg,1,-
Asterocampa_celtis6470774.jpg,1,-
Asterocampa_celtis6472218.jpg,1,-
Asterocampa_celtis6482508.jpg,1,-
Asterocampa_celtis6483641.jpg,1,-
Asterocampa_celtis6489752.jpg,1,-
Asterocampa_celtis649681.jpg,1,-
Asterocampa_celtis6502520.jpg,1,-
Asterocampa_celtis6502655.jpg,1,-
Asterocampa_celtis6512960.jpg,1,-
Asterocampa_celtis6514752.jpg,1,-
Asterocampa_celtis652447.jpg,1,-
Asterocampa_celtis6525411.jpg,1,-
Asterocampa_celtis6544943.jpg,1,-
Asterocampa_celtis6548923.jpg,1,-
Asterocampa_celtis6552701.jpg,1,-
Asterocampa_celtis6554193.jpg,1,-
Asterocampa_celtis6555817.jpg,1,-
Asterocampa_celtis6557324.jpg,1,-
Asterocampa_celtis6557702.jpg,1,-
Asterocampa_celtis6575112.jpg,1,-
Asterocampa_celtis6583605.jpg,1,-
Asterocampa_celtis6594842.jpg,1,-
Asterocampa_celtis6595002.jpg,1,-
Asterocampa_celtis6595054.jpg,1,-
Asterocampa_celtis6595852.jpg,1,-
Asterocampa_celtis6597313.jpg,1,-
Asterocampa_celtis6600856.jpg,1,-
Asterocampa_celtis6600861.jpg,1,-
Asterocampa_celtis6602631.jpg,1,-
Asterocampa_celtis66085.jpg,1,-
Asterocampa_celtis6609234.jpg,1,-
Asterocampa_celtis6610543.jpg,1,-
Asterocampa_celtis6613426.jpg,1,-
Asterocampa_celtis6613436.jpg,1,-
Asterocampa_celtis6615053.jpg,1,-
Asterocampa_celtis6618264.jpg,1,-
Asterocampa_celtis6631735.jpg,1,-
Asterocampa_celtis6632714.jpg,1,-
Asterocampa_celtis6636196.jpg,1,-
Asterocampa_celtis6659088.jpg,1,-
Asterocampa_celtis6659480.jpg,1,-
Asterocampa_celtis6660569.jpg,1,-
Asterocampa_celtis6665794.jpg,1,-
Asterocampa_celtis6667434.jpg,1,-
Asterocampa_celtis6667443.jpg,1,-
Asterocampa_celtis6670177.jpg,1,-
Asterocampa_celtis6676024.jpg,1,-
Asterocampa_celtis6676818.jpg,1,-
Asterocampa_celtis6688395.jpg,1,-
Asterocampa_celtis6696380.jpg,1,-
Asterocampa_celtis6696728.jpg,1,-
Asterocampa_celtis6696808.jpg,1,-
Asterocampa_celtis6697111.jpg,1,-
Asterocampa_celtis6697902.jpg,1,-
Asterocampa_celtis6699101.jpg,1,-
Asterocampa_celtis6700615.jpg,1,-
Asterocampa_celtis6703381.jpg,1,-
Asterocampa_celtis6703382.jpg,1,-
Asterocampa_celtis6706210.jpg,1,-
Asterocampa_celtis6708411.jpg,1,-
Asterocampa_celtis6714387.jpg,1,-
Asterocampa_celtis6717049.jpg,1,-
Asterocampa_celtis6722049.jpg,1,-
Asterocampa_celtis6723596.jpg,1,-
Asterocampa_celtis6724574.jpg,1,-
Asterocampa_celtis6731729.jpg,1,-
Asterocampa_celtis6731737.jpg,1,-
Asterocampa_celtis6735146.jpg,1,-
Asterocampa_celtis6744737.jpg,1,-
Asterocampa_celtis6747717.jpg,1,-
Asterocampa_celtis6753926.jpg,1,-
Asterocampa_celtis6755584.jpg,1,-
Asterocampa_celtis6756474.jpg,1,-
Asterocampa_celtis6759085.jpg,1,-
Asterocampa_celtis6760076.jpg,1,-
Asterocampa_celtis6760415.jpg,1,-
Asterocampa_celtis6761448.jpg,1,-
Asterocampa_celtis6767963.jpg,1,-
Asterocampa_celtis6774973.jpg,1,-
Asterocampa_celtis677760.jpg,1,-
Asterocampa_celtis6784547.jpg,1,-
Asterocampa_celtis6784786.jpg,1,-
Asterocampa_celtis6797803.jpg,1,-
Asterocampa_celtis6814717.jpg,1,-
Asterocampa_celtis6820443.jpg,1,-
Asterocampa_celtis6820675.jpg,1,-
Asterocampa_celtis6820682.jpg,1,-
Asterocampa_celtis6821610.jpg,1,-
Asterocampa_celtis6824866.jpg,1,-
Asterocampa_celtis6846148.jpg,1,-
Asterocampa_celtis6852259.jpg,1,-
Asterocampa_celtis6864429.jpg,1,-
Asterocampa_celtis6866703.jpg,1,-
Asterocampa_celtis6878993.jpg,1,-
Asterocampa_celtis6880667.jpg,1,-
Asterocampa_celtis6883495.jpg,1,-
Asterocampa_celtis6887258.jpg,1,-
Asterocampa_celtis6902289.jpg,1,-
Asterocampa_celtis6905237.jpg,1,-
Asterocampa_celtis6905491.jpg,1,-
Asterocampa_celtis6907159.jpg,1,-
Asterocampa_celtis6908000.jpg,1,-
Asterocampa_celtis6908662.jpg,1,-
Asterocampa_celtis691100.jpg,1,-
Asterocampa_celtis6917796.jpg,1,-
Asterocampa_celtis6917829.jpg,1,-
Asterocampa_celtis6918082.jpg,1,-
Asterocampa_celtis6937491.jpg,1,-
Asterocampa_celtis6965740.jpg,1,-
Asterocampa_celtis6969090.jpg,1,-
Asterocampa_celtis6969466.jpg,1,-
Asterocampa_celtis6972518.jpg,1,-
Asterocampa_celtis6974135.jpg,1,-
Asterocampa_celtis6981523.jpg,1,-
Asterocampa_celtis6998392.jpg,1,-
Asterocampa_celtis7002338.jpg,1,-
Asterocampa_celtis7006737.jpg,1,-
Asterocampa_celtis7012933.jpg,1,-
Asterocampa_celtis7016682.jpg,1,-
Asterocampa_celtis7019031.jpg,1,-
Asterocampa_celtis7019307.jpg,1,-
Asterocampa_celtis7025168.jpg,1,-
Asterocampa_celtis7028068.jpg,1,-
Asterocampa_celtis7028523.jpg,1,-
Asterocampa_celtis7032172.jpg,1,-
Asterocampa_celtis7032442.jpg,1,-
Asterocampa_celtis7040995.jpg,1,-
Asterocampa_celtis7041949.jpg,1,-
Asterocampa_celtis7058513.jpg,1,-
Asterocampa_celtis7064517.jpg,1,-
Asterocampa_celtis70651.jpg,1,-
Asterocampa_celtis7070239.jpg,1,-
Asterocampa_celtis7075047.jpg,1,-
Asterocampa_celtis7076995.jpg,1,-
Asterocampa_celtis7080672.jpg,1,-
Asterocampa_celtis7089346.jpg,1,-
Asterocampa_celtis7089384.jpg,1,-
Asterocampa_celtis7090064.jpg,1,-
Asterocampa_celtis7096675.jpg,1,-
Asterocampa_celtis7103850.jpg,1,-
Asterocampa_celtis7108450.jpg,1,-
Asterocampa_celtis7109360.jpg,1,-
Asterocampa_celtis7114920.jpg,1,-
Asterocampa_celtis7118044.jpg,1,-
Asterocampa_celtis7121150.jpg,1,-
Asterocampa_celtis7132345.jpg,1,-
Asterocampa_celtis7138830.jpg,1,-
Asterocampa_celtis7140027.jpg,1,-
Asterocampa_celtis7140077.jpg,1,-
Asterocampa_celtis7142291.jpg,1,-
Asterocampa_celtis7146902.jpg,1,-
Asterocampa_celtis7149140.jpg,1,-
Asterocampa_celtis7156905.jpg,1,-
Asterocampa_celtis7159852.jpg,1,-
Asterocampa_celtis7168438.jpg,1,-
Asterocampa_celtis7172456.jpg,1,-
Asterocampa_celtis7174234.jpg,1,-
Asterocampa_celtis7178472.jpg,1,-
Asterocampa_celtis7193189.jpg,1,-
Asterocampa_celtis7194157.jpg,1,-
Asterocampa_celtis7194491.jpg,1,-
Asterocampa_celtis7194707.jpg,1,-
Asterocampa_celtis7196483.jpg,1,-
Asterocampa_celtis7198351.jpg,1,-
Asterocampa_celtis7198418.jpg,1,-
Asterocampa_celtis7204049.jpg,1,-
Asterocampa_celtis7207058.jpg,1,-
Asterocampa_celtis7208639.jpg,1,-
Asterocampa_celtis7210391.jpg,1,-
Asterocampa_celtis7211940.jpg,1,-
Asterocampa_celtis7220386.jpg,1,-
Asterocampa_celtis7221527.jpg,1,-
Asterocampa_celtis722536.jpg,1,-
Asterocampa_celtis7226781.jpg,1,-
Asterocampa_celtis7226802.jpg,1,-
Asterocampa_celtis7226803.jpg,1,-
Asterocampa_celtis7228268.jpg,1,-
Asterocampa_celtis7230225.jpg,1,-
Asterocampa_celtis7231920.jpg,1,-
Asterocampa_celtis7235625.jpg,1,-
Asterocampa_celtis7239702.jpg,1,-
Asterocampa_celtis724428.jpg,1,-
Asterocampa_celtis7246163.jpg,1,-
Asterocampa_celtis7253975.jpg,1,-
Asterocampa_celtis7258534.jpg,1,-
Asterocampa_celtis7261642.jpg,1,-
Asterocampa_celtis7263019.jpg,1,-
Asterocampa_celtis7267997.jpg,1,-
Asterocampa_celtis7268502.jpg,1,-
Asterocampa_celtis7268515.jpg,1,-
Asterocampa_celtis7269694.jpg,1,-
Asterocampa_celtis727499.jpg,1,-
Asterocampa_celtis7279709.jpg,1,-
Asterocampa_celtis7283370.jpg,1,-
Asterocampa_celtis7293998.jpg,1,-
Asterocampa_celtis7296722.jpg,1,-
Asterocampa_celtis7297008.jpg,1,-
Asterocampa_celtis7299173.jpg,1,-
Asterocampa_celtis7302397.jpg,1,-
Asterocampa_celtis7306727.jpg,1,-
Asterocampa_celtis7308120.jpg,1,-
Asterocampa_celtis7310939.jpg,1,-
Asterocampa_celtis731104.jpg,1,-
Asterocampa_celtis7312136.jpg,1,-
Asterocampa_celtis7313414.jpg,1,-
Asterocampa_celtis7313469.jpg,1,-
Asterocampa_celtis7315475.jpg,1,-
Asterocampa_celtis7320243.jpg,1,-
Asterocampa_celtis7321992.jpg,1,-
Asterocampa_celtis7323478.jpg,1,-
Asterocampa_celtis7323706.jpg,1,-
Asterocampa_celtis7324795.jpg,1,-
Asterocampa_celtis7326965.jpg,1,-
Asterocampa_celtis7328738.jpg,1,-
Asterocampa_celtis7338406.jpg,1,-
Asterocampa_celtis7345554.jpg,0,L
Asterocampa_celtis7347248.jpg,1,-
Asterocampa_celtis7352798.jpg,1,-
Asterocampa_celtis7354214.jpg,1,-
Asterocampa_celtis7354275.jpg,1,-
Asterocampa_celtis7357462.jpg,1,-
Asterocampa_celtis7367420.jpg,1,-
Asterocampa_celtis7370697.jpg,1,-
Asterocampa_celtis7381096.jpg,1,-
Asterocampa_celtis738299.jpg,1,-
Asterocampa_celtis7385114.jpg,1,-
Asterocampa_celtis7391209.jpg,1,-
Asterocampa_celtis739307.jpg,1,-
Asterocampa_celtis7394416.jpg,1,-
Asterocampa_celtis7396977.jpg,1,-
Asterocampa_celtis7397308.jpg,1,-
Asterocampa_celtis7397439.jpg,1,-
Asterocampa_celtis7401836.jpg,1,-
Asterocampa_celtis7402438.jpg,1,-
Asterocampa_celtis7406563.jpg,1,-
Asterocampa_celtis7423577.jpg,1,-
Asterocampa_celtis7424021.jpg,1,-
Asterocampa_celtis7428852.jpg,1,-
Asterocampa_celtis7430248.jpg,1,-
Asterocampa_celtis7434170.jpg,1,-
Asterocampa_celtis7434250.jpg,1,-
Asterocampa_celtis7437054.jpg,1,-
Asterocampa_celtis7439580.jpg,1,-
Asterocampa_celtis7439879.jpg,1,-
Asterocampa_celtis7442155.jpg,1,-
Asterocampa_celtis7453034.jpg,1,-
Asterocampa_celtis7454469.jpg,1,-
Asterocampa_celtis7463056.jpg,1,-
Asterocampa_celtis7464913.jpg,1,-
Asterocampa_celtis7467107.jpg,1,-
Asterocampa_celtis7467314.jpg,1,-
Asterocampa_celtis7469043.jpg,1,-
Asterocampa_celtis7469067.jpg,1,-
Asterocampa_celtis7477160.jpg,1,-
Asterocampa_celtis7479763.jpg,1,-
Asterocampa_celtis7480853.jpg,1,-
Asterocampa_celtis7481693.jpg,1,-
Asterocampa_celtis7482894.jpg,1,-
Asterocampa_celtis748322.jpg,1,-
Asterocampa_celtis7484563.jpg,1,-
Asterocampa_celtis7487795.jpg,1,-
Asterocampa_celtis7497651.jpg,1,-
Asterocampa_celtis7501169.jpg,1,-
Asterocampa_celtis750744.jpg,1,-
Asterocampa_celtis7508678.jpg,1,-
Asterocampa_celtis751861.jpg,1,-
Asterocampa_celtis7520010.jpg,1,-
Asterocampa_celtis752651.jpg,1,-
Asterocampa_celtis752791.jpg,1,-
Asterocampa_celtis7537371.jpg,1,-
Asterocampa_celtis7538902.jpg,1,-
Asterocampa_celtis7539017.jpg,1,-
Asterocampa_celtis7539019.jpg,1,-
Asterocampa_celtis7542740.jpg,1,-
Asterocampa_celtis7544647.jpg,1,-
Asterocampa_celtis7545684.jpg,1,-
Asterocampa_celtis7546007.jpg,1,-
Asterocampa_celtis7549270.jpg,1,-
Asterocampa_celtis7551190.jpg,1,-
Asterocampa_celtis7551345.jpg,1,-
Asterocampa_celtis7555922.jpg,1,-
Asterocampa_celtis7561309.jpg,1,-
Asterocampa_celtis7561470.jpg,1,-
Asterocampa_celtis7561825.jpg,1,-
Asterocampa_celtis7562394.jpg,1,-
Asterocampa_celtis7566282.jpg,1,-
Asterocampa_celtis7568959.jpg,1,-
Asterocampa_celtis7571141.jpg,1,-
Asterocampa_celtis7574135.jpg,1,-
Asterocampa_celtis7574535.jpg,1,-
Asterocampa_celtis7575174.jpg,1,-
Asterocampa_celtis7580914.jpg,1,-
Asterocampa_celtis7581991.jpg,U,-
Asterocampa_celtis7583422.jpg,1,-
Asterocampa_celtis7590858.jpg,1,-
Asterocampa_celtis7591562.jpg,1,-
Asterocampa_celtis7591700.jpg,1,-
Asterocampa_celtis7592430.jpg,1,-
Asterocampa_celtis7592613.jpg,1,-
Asterocampa_celtis759633.jpg,1,-
Asterocampa_celtis7598635.jpg,1,-
Asterocampa_celtis7599376.jpg,1,-
Asterocampa_celtis7599595.jpg,1,-
Asterocampa_celtis7599848.jpg,1,-
Asterocampa_celtis7602201.jpg,1,-
Asterocampa_celtis7602909.jpg,1,-
Asterocampa_celtis7603697.jpg,1,-
Asterocampa_celtis760666.jpg,1,-
Asterocampa_celtis7607221.jpg,1,-
Asterocampa_celtis7621576.jpg,1,-
Asterocampa_celtis7623610.jpg,1,-
Asterocampa_celtis7624784.jpg,1,-
Asterocampa_celtis7626887.jpg,1,-
Asterocampa_celtis7629692.jpg,1,-
Asterocampa_celtis7631072.jpg,1,-
Asterocampa_celtis7636529.jpg,1,-
Asterocampa_celtis7639293.jpg,1,-
Asterocampa_celtis7639858.jpg,1,-
Asterocampa_celtis7640538.jpg,1,-
Asterocampa_celtis7644204.jpg,1,-
Asterocampa_celtis764561.jpg,1,-
Asterocampa_celtis7645854.jpg,1,-
Asterocampa_celtis7650856.jpg,1,-
Asterocampa_celtis7658628.jpg,1,-
Asterocampa_celtis769060.jpg,1,-
Asterocampa_celtis771875.jpg,1,-
Asterocampa_celtis772245.jpg,1,-
Asterocampa_celtis778199.jpg,1,-
Asterocampa_celtis778832.jpg,1,-
Asterocampa_celtis781351.jpg,1,-
Asterocampa_celtis782281.jpg,1,-
Asterocampa_celtis791186.jpg,1,-
Asterocampa_celtis793845.jpg,1,-
Asterocampa_celtis794021.jpg,1,-
Asterocampa_celtis797322.jpg,1,-
Asterocampa_celtis813454.jpg,1,-
Asterocampa_celtis814007.jpg,1,-
Asterocampa_celtis816380.jpg,1,-
Asterocampa_celtis819825.jpg,1,-
Asterocampa_celtis820130.jpg,1,-
Asterocampa_celtis823483.jpg,1,-
Asterocampa_celtis824027.jpg,1,-
Asterocampa_celtis830274.jpg,1,-
Asterocampa_celtis834484.jpg,1,-
Asterocampa_celtis836441.jpg,1,-
Asterocampa_celtis839926.jpg,1,-
Asterocampa_celtis846372.jpg,1,-
Asterocampa_celtis846686.jpg,1,-
Asterocampa_celtis848358.jpg,1,-
Asterocampa_celtis854285.jpg,1,-
Asterocampa_celtis854574.jpg,1,-
Asterocampa_celtis857928.jpg,1,-
Asterocampa_celtis859611.jpg,1,-
Asterocampa_celtis863384.jpg,1,-
Asterocampa_celtis865944.jpg,1,-
Asterocampa_celtis868096.jpg,1,-
Asterocampa_celtis868552.jpg,1,-
Asterocampa_celtis871240.jpg,1,-
Asterocampa_celtis882337.jpg,1,-
Asterocampa_celtis887185.jpg,1,-
Asterocampa_celtis889036.jpg,1,-
Asterocampa_celtis894938.jpg,1,-
Asterocampa_celtis905127.jpg,1,-
Asterocampa_celtis907265.jpg,1,-
Asterocampa_celtis909600.jpg,1,-
Asterocampa_celtis912889.jpg,1,-
Asterocampa_celtis918628.jpg,1,-
Asterocampa_celtis920931.jpg,1,-
Asterocampa_celtis96370.jpg,1,-
